{"name":"e20b4f82-ab4b-42e7-9ad6-a5c09e8f1aea","id":"/providers/Microsoft.Flow/flows/e20b4f82-ab4b-42e7-9ad6-a5c09e8f1aea","type":"Microsoft.Flow/flows","properties":{"apiId":"/providers/Microsoft.PowerApps/apis/shared_logicflows","displayName":"flow1","definition":{"metadata":{"workflowEntityId":null,"processAdvisorMetadata":null,"flowChargedByPaygo":null,"flowclientsuspensionreason":"NeverTriggeringDetected","flowclientsuspensiontime":"2025-12-05T06:19:05.3139968Z","flowclientsuspensionreasondetails":"Flow has not ran at all in the past 90 days. Disabled it on 12/5/2025 6:19:05 AM.","creator":{"id":"3fa169d5-eeaf-4f43-b810-58d4523c3193","type":"User","tenantId":"7359f896-71e2-4dae-b8a3-15cdf97f2f10"},"provisioningMethod":"FromDefinition","failureAlertSubscription":true,"clientLastModifiedTime":"2025-08-01T04:10:23.5795621Z","connectionKeySavedTimeKey":"2025-09-12T06:54:01.361869Z","creationSource":"Portal","modifiedSources":"Portal"},"$schema":"https://schema.management.azure.com/providers/Microsoft.Logic/schemas/2016-06-01/workflowdefinition.json#","contentVersion":"1.0.0.0","parameters":{"$authentication":{"defaultValue":{},"type":"SecureObject"},"$connections":{"defaultValue":{},"type":"Object"}},"triggers":{"When_an_item_is_created":{"recurrence":{"frequency":"Minute","interval":1},"evaluatedRecurrence":{"frequency":"Minute","interval":1},"splitOn":"@triggerOutputs()?['body/value']","type":"OpenApiConnection","inputs":{"parameters":{"dataset":"https://adityagroup.sharepoint.com/sites/dummy","table":"b66769e1-01d3-4f08-b84f-317edb5a0bf9"},"host":{"apiId":"/providers/Microsoft.PowerApps/apis/shared_sharepointonline","connectionName":"shared_sharepointonline","operationId":"GetOnNewItems"},"authentication":"@parameters('$authentication')"}}},"actions":{"Get_items":{"runAfter":{},"type":"OpenApiConnection","inputs":{"parameters":{"dataset":"https://adityagroup.sharepoint.com/sites/dummy","table":"fd83401f-86ff-4b87-911d-24526c577ea5","$filter":"BloodGroup eq '@{triggerBody()?['RequestedBloodGroup/Value']}'"},"host":{"apiId":"/providers/Microsoft.PowerApps/apis/shared_sharepointonline","connectionName":"shared_sharepointonline","operationId":"GetItems"},"authentication":"@parameters('$authentication')"}},"Apply_to_each":{"foreach":"@outputs('Get_items')?['body/value']","actions":{"Send_an_email_(V2)":{"type":"OpenApiConnection","inputs":{"parameters":{"emailMessage/To":"@items('Apply_to_each')?['DonerEmail']","emailMessage/Subject":"Urgent Blood Request: @{triggerBody()?['RequestedBloodGroup/Value']} needed !","emailMessage/Body":"<p class=\"editor-paragraph\">Dear @{items('Apply_to_each')?['Title']},<br><br>There's an urgent request for blood group @{triggerBody()?['RequestedBloodGroup/Value']}.<br>The requester's name is @{triggerBody()?['Title']}</p><p class=\"editor-paragraph\">location:@{triggerBody()?['Location']}</p><br><p class=\"editor-paragraph\">enter id as:<br>@{triggerBody()?['ID']}</p><br><p class=\"editor-paragraph\">If you are able to help, or not, please click the link below to provide your response using a quick, simple form:</p><p class=\"editor-paragraph\"><br>https://adityagroup.sharepoint.com/:l:/s/dummy/FB3DH6bjSBxEj1_C25TKwPwByincEAAJSn9HZEtQqgq9FA?nav=MzUwZjA2MTItYzVmNi00ODgwLTkyZjAtMGMyZWRhYzNkMmZi<br><br>On the form, simply choose your 'Availability Status' (Available or Not Available) and click 'Save'. Most fields will be pre-filled for you.<br><br>Your prompt response is highly appreciated.<br><br>Thank you!<br>Your Blood Donation Team</p>","emailMessage/Importance":"Normal"},"host":{"apiId":"/providers/Microsoft.PowerApps/apis/shared_office365","connectionName":"shared_office365","operationId":"SendEmailV2"},"authentication":"@parameters('$authentication')"}}},"runAfter":{"Get_items":["Succeeded"]},"type":"Foreach"}},"outputs":{}},"connectionReferences":{"shared_sharepointonline":{"connectionName":"shared-sharepointonl-f8965729-018e-4b16-be4a-2b12eab2eb9f","source":"Embedded","id":"/providers/Microsoft.PowerApps/apis/shared_sharepointonline","tier":"NotSpecified","apiName":"sharepointonline","isProcessSimpleApiReferenceConversionAlreadyDone":false},"shared_office365":{"connectionName":"shared-office365-5d0d5e89-3556-47b8-9764-0f4bd178d87b","source":"Embedded","id":"/providers/Microsoft.PowerApps/apis/shared_office365","tier":"NotSpecified","apiName":"office365","isProcessSimpleApiReferenceConversionAlreadyDone":false}},"flowFailureAlertSubscribed":false,"isManaged":false}}