{"name":"93b35222-cb27-48f7-a2e6-e9ea4a6ad996","id":"/providers/Microsoft.Flow/flows/93b35222-cb27-48f7-a2e6-e9ea4a6ad996","type":"Microsoft.Flow/flows","properties":{"apiId":"/providers/Microsoft.PowerApps/apis/shared_logicflows","displayName":"Blood request handler flow 2","definition":{"metadata":{"workflowEntityId":null,"processAdvisorMetadata":null,"flowChargedByPaygo":null,"flowclientsuspensionreason":"NeverTriggeringDetected","flowclientsuspensiontime":"2025-12-09T16:04:08.4423631Z","flowclientsuspensionreasondetails":"Flow has not ran at all in the past 90 days. Disabled it on 12/9/2025 4:04:06 PM.","creator":{"id":"3fa169d5-eeaf-4f43-b810-58d4523c3193","type":"User","tenantId":"7359f896-71e2-4dae-b8a3-15cdf97f2f10"},"provisioningMethod":"FromDefinition","failureAlertSubscription":true,"clientLastModifiedTime":"2025-08-11T16:17:56.0887434Z","connectionKeySavedTimeKey":"2025-12-09T16:04:00.1139814Z","creationSource":"Portal","modifiedSources":"Portal"},"$schema":"https://schema.management.azure.com/providers/Microsoft.Logic/schemas/2016-06-01/workflowdefinition.json#","contentVersion":"1.0.0.0","parameters":{"$authentication":{"defaultValue":{},"type":"SecureObject"},"$connections":{"defaultValue":{},"type":"Object"}},"triggers":{"When_an_item_is_created":{"recurrence":{"frequency":"Minute","interval":1},"evaluatedRecurrence":{"frequency":"Minute","interval":1},"splitOn":"@triggerOutputs()?['body/value']","type":"OpenApiConnection","inputs":{"parameters":{"dataset":"https://adityagroup.sharepoint.com/sites/dummy","table":"a61fc31d-48e3-441c-8f5f-c2db94cac0fc"},"host":{"apiId":"/providers/Microsoft.PowerApps/apis/shared_sharepointonline","connectionName":"shared_sharepointonline","operationId":"GetOnNewItems"},"authentication":"@parameters('$authentication')"}}},"actions":{"Get_item":{"runAfter":{},"type":"OpenApiConnection","inputs":{"parameters":{"dataset":"https://adityagroup.sharepoint.com/sites/dummy","table":"b66769e1-01d3-4f08-b84f-317edb5a0bf9","id":"@triggerBody()?['BloodRequestID']"},"host":{"apiId":"/providers/Microsoft.PowerApps/apis/shared_sharepointonline","connectionName":"shared_sharepointonline","operationId":"GetItem"},"authentication":"@parameters('$authentication')"}},"Availability_Check":{"actions":{"Update_item":{"type":"OpenApiConnection","inputs":{"parameters":{"dataset":"https://adityagroup.sharepoint.com/sites/dummy","table":"b66769e1-01d3-4f08-b84f-317edb5a0bf9","id":"@outputs('Get_item')?['body/ID']","item/Status/Value":"Doner found","item/DonorResponse/Value":"Available","item/RespondingDonorName":"@triggerBody()?['Title']","item/RespondingDonorEmail":"@triggerBody()?['DonorEmail']"},"host":{"apiId":"/providers/Microsoft.PowerApps/apis/shared_sharepointonline","connectionName":"shared_sharepointonline","operationId":"PatchItem"},"authentication":"@parameters('$authentication')"}},"Send_an_email_(V2)":{"runAfter":{"Update_item":["Succeeded"]},"type":"OpenApiConnection","inputs":{"parameters":{"emailMessage/To":"@outputs('Get_item')?['body/RquesterMail']","emailMessage/Subject":"Good News! Donor Found for Your Blood Request ","emailMessage/Body":"<p class=\"editor-paragraph\">Dear @{outputs('Get_item')?['body/Title']},<br><br>    We're pleased to inform you that a donor is ready to help with your request for blood group @{outputs('Get_item')?['body/RequestedBloodGroup/Value']}<br><br>    Donor Contact Details:<br>    Name: @{outputs('Update_item')?['body/RespondingDonorName']}<br>    Email: @{outputs('Update_item')?['body/RespondingDonorEmail']}<br>    Contact Number: @{outputs('Update_item')?['body/RespondingDonorContact']}<br><br>    Please reach out to the donor directly to coordinate further.<br><br>    Thank you!<br>    Your Blood Donation Team</p>","emailMessage/Importance":"Normal"},"host":{"apiId":"/providers/Microsoft.PowerApps/apis/shared_office365","connectionName":"shared_office365","operationId":"SendEmailV2"},"authentication":"@parameters('$authentication')"}}},"runAfter":{"Get_item":["Succeeded"]},"else":{"actions":{}},"expression":{"and":[{"equals":["@triggerBody()?['AvailabilityStatus/Value']","Available to Donate"]}]},"type":"If"}},"outputs":{}},"connectionReferences":{"shared_sharepointonline":{"connectionName":"shared-sharepointonl-f8965729-018e-4b16-be4a-2b12eab2eb9f","source":"Embedded","id":"/providers/Microsoft.PowerApps/apis/shared_sharepointonline","tier":"NotSpecified","apiName":"sharepointonline","isProcessSimpleApiReferenceConversionAlreadyDone":false},"shared_office365":{"connectionName":"shared-office365-5d0d5e89-3556-47b8-9764-0f4bd178d87b","source":"Embedded","id":"/providers/Microsoft.PowerApps/apis/shared_office365","tier":"NotSpecified","apiName":"office365","isProcessSimpleApiReferenceConversionAlreadyDone":false}},"flowFailureAlertSubscribed":false,"isManaged":false}}